{
    "avatar": [
        {
            "changed": false,
            "position": [
                0,
                0,
                0
            ],
            "rotation": 0
        }
    ],
    "create": [],
    "move": [
        {
            "name": "Object1",
            "position": [
                -0.46095409989356997,
                0.3154720962047577,
                0.019741570577025415
            ]
        }
    ],
    "Destroy": []
}