{
    "avatar": [
        {
            "changed": false,
            "position": [
                0,
                0,
                0
            ],
            "rotation": 0
        }
    ],
    "create": [],
    "move": [
        {
            "name": "Object1",
            "position": [
                0.18040123581886292,
                0.32856863737106326,
                0.01689164899289608
            ]
        }
    ],
    "Destroy": []
}