{"yaw":2.9489853382110597,"pitch":0.27654093503952029,"roll":0.00961532536894083}